Name,a,e,i,predicted_class,predicted_prob_mean,predicted_prob_std,predictive_entropy
Leleakuhonua,1482.891634,0.9563363,11.67677,0,1.0,0.0,3.086641e-28
Sedna,551.9180231,0.861824,11.92676,0,1.0,0.0,8.4366575e-10
Alicanto,349.5648898,0.8645243,25.49375,0,0.9999991,8.198381e-06,1.3803988e-05
Ceto,100.080313,0.8231395,22.30268,0,0.53595304,0.2693313,0.6905597
