Name,a,e,i,predicted_class,mean_prob,std_prob,entropy
Alicanto,349.5648898,0.8645243,25.49375,0,0.5,6.558099e-12,1.1074848e-10
Leleakuhonua,1482.891634,0.9563363,11.67677,0,0.5,0.0,-0.0
Sedna,551.9180231,0.861824,11.92676,0,0.5,6.2946525e-20,8.6554034e-19
